step,loss,adapter_grad_abs_sum,llm_grad_abs_sum,gpu_mem_allocated_mb,gpu_mem_reserved_mb,elapsed_sec
1,6.254055023193359,26087.001485824585,0.0,2453.560546875,2602.0,0.42165022798872087
2,5.403412818908691,16753.693118810654,0.0,2515.861328125,3192.0,0.4477505260001635
3,5.387725830078125,5703.956737160683,0.0,2516.0,3192.0,0.46999043998948764
4,5.505869388580322,4771.3343588113785,0.0,2516.0,3192.0,0.4919087949965615
5,5.466739654541016,5216.211113333702,0.0,2516.0,3196.0,0.514019266993273
6,4.712369441986084,5274.87037730217,0.0,2784.53955078125,3876.0,0.5376875369984191
7,5.104860782623291,6986.456878662109,0.0,2784.53955078125,3876.0,0.559987304994138
8,5.41400671005249,6950.123624444008,0.0,2784.53955078125,3876.0,0.5819597450026777
9,4.810985565185547,3925.6562783122063,0.0,2784.53955078125,3876.0,0.6038801059912657
10,5.128127098083496,3827.6759058237076,0.0,2784.53955078125,3876.0,0.6260239419934805
11,5.164483070373535,62548.385511398315,0.0,2784.53955078125,3876.0,0.6479417189984815
12,5.063549041748047,4684.4400289058685,0.0,2784.53955078125,3876.0,0.6698265169980004
13,4.51414680480957,9339.11962711811,0.0,2784.53955078125,3876.0,0.6917089659982594
14,4.654423236846924,2266.029035836458,0.0,2784.53955078125,3876.0,0.7135101000021677
15,4.6825761795043945,3669.125205516815,0.0,2784.53955078125,3876.0,0.7353887270000996
16,4.733397483825684,4070.975483894348,0.0,2784.53955078125,3876.0,0.7571747569891158
17,4.840020179748535,4028.437600135803,0.0,2784.53955078125,3876.0,0.7791090940008871
18,4.423018455505371,2897.391193509102,0.0,2784.53955078125,3876.0,0.8011944059981033
19,4.070730209350586,5922.811079144478,0.0,2784.53955078125,3876.0,0.8233404279890237
20,4.477406978607178,4125.496494472027,0.0,2784.53955078125,3876.0,0.84514286799822
21,4.015929698944092,2126.508931219578,0.0,2784.53955078125,3876.0,0.8669832899904577
22,4.566593647003174,2628.592148452997,0.0,2784.53955078125,3876.0,0.8889210199995432
23,4.162755489349365,4800.435428619385,0.0,2784.53955078125,3876.0,0.9107663839968154
24,4.126041889190674,2294.7391064167023,0.0,2784.53955078125,3876.0,0.9330092369928025
25,4.5430402755737305,2510.198854148388,0.0,2784.53955078125,3876.0,0.954892629000824
26,4.067395210266113,4345.9577885866165,0.0,2784.53955078125,3876.0,0.9766277789894957
27,4.14960241317749,2189.488443672657,0.0,2784.53955078125,3876.0,0.9984076289983932
28,3.9566030502319336,2851.2726978361607,0.0,2784.53955078125,3876.0,1.0203966239932925
29,3.6294381618499756,3793.6576097011566,0.0,2784.53955078125,3876.0,1.0421174799994333
30,3.735325336456299,2611.8226232528687,0.0,2784.53955078125,3876.0,1.0637701660016319
31,3.592102527618408,2647.3024387657642,0.0,2784.53955078125,3876.0,1.085444718002691
32,3.442650556564331,2370.6830459833145,0.0,2784.53955078125,3876.0,1.10711646299751
33,3.365199089050293,3041.800400197506,0.0,2784.53955078125,3876.0,1.128936242996133
34,3.5864193439483643,3178.480721592903,0.0,2784.53955078125,3876.0,1.150707289998536
35,3.4885709285736084,2563.3787393569946,0.0,2784.53955078125,3876.0,1.1725315489893546
36,3.5459303855895996,2317.104634165764,0.0,2784.53955078125,3876.0,1.1941982749995077
37,3.5618364810943604,2316.217435389757,0.0,2784.53955078125,3876.0,1.2161743920005392
38,3.5102245807647705,3028.383030772209,0.0,2784.53955078125,3876.0,1.2380511319934158
39,3.1001229286193848,3906.2448058724403,0.0,2784.53955078125,3876.0,1.2603706149966456
40,3.2926218509674072,2612.8189336657524,0.0,2784.53955078125,3876.0,1.2822691009932896
41,3.2084336280822754,2384.864259958267,0.0,2784.53955078125,3876.0,1.3039705419942038
42,3.3751683235168457,2977.693870127201,0.0,2784.53955078125,3876.0,1.3270927839912474
43,3.718921422958374,17460.75875711441,0.0,2784.53955078125,3890.0,1.3506776610011002
44,3.2319817543029785,3186.933362364769,0.0,2784.53955078125,3890.0,1.3725677839975106
45,3.4973723888397217,2978.4171001315117,0.0,2784.53955078125,3890.0,1.3943721399991773
46,3.2496275901794434,1933.7919957339764,0.0,2784.53955078125,3890.0,1.4163260649947915
47,3.0321664810180664,2227.048065572977,0.0,2784.53955078125,3890.0,1.4383865229901858
48,3.245767116546631,3990.536119699478,0.0,2784.53955078125,3890.0,1.460188944998663
49,3.2845299243927,2374.719320356846,0.0,2784.53955078125,3890.0,1.4818602129962528
50,2.989201068878174,2132.1900197565556,0.0,2784.53955078125,3890.0,1.5036366589920362
51,3.154772996902466,2236.007846981287,0.0,2784.53955078125,3890.0,1.5268554619979113
52,3.110107421875,2745.44868811965,0.0,2784.53955078125,3890.0,1.5489044319983805
53,2.8868892192840576,2213.843279272318,0.0,2784.53955078125,3890.0,1.5706710800004657
54,3.339923620223999,3127.798414617777,0.0,2784.53955078125,3890.0,1.5936907899886137
55,2.6674115657806396,2947.31688067317,0.0,2784.53955078125,3890.0,1.6160698939929716
56,3.6741302013397217,2627.855069220066,0.0,2784.53955078125,3890.0,1.638112464992446
57,2.866213321685791,1937.1593625098467,0.0,2784.53955078125,3890.0,1.6598657299909974
58,3.0596251487731934,4862.737117409706,0.0,2784.53955078125,3890.0,1.6829223109962186
59,2.831653356552124,3528.4822226166725,0.0,2784.53955078125,3890.0,1.7058460479893256
60,2.6288604736328125,2014.4606113135815,0.0,2784.53955078125,3890.0,1.7275407389970496
61,2.923712968826294,3671.201406598091,0.0,2784.53955078125,3890.0,1.7493097919941647
62,3.1801602840423584,2413.4761633872986,0.0,2784.53955078125,3890.0,1.7710266659996705
63,2.835017681121826,2179.1623424887657,0.0,2784.53955078125,3890.0,1.7928772019949974
64,3.103433847427368,3730.6258611679077,0.0,2784.53955078125,3890.0,1.8148508129961556
65,2.5927491188049316,2727.147872656584,0.0,2784.53955078125,3890.0,1.8368196889932733
66,2.513780355453491,4503.019251346588,0.0,2784.53955078125,3890.0,1.8585539350024192
67,3.067998170852661,3924.4082840681076,0.0,2784.53955078125,3890.0,1.8802809629996773
68,2.625169277191162,3332.4015378952026,0.0,2784.53955078125,3890.0,1.9020257359952666
69,2.70877742767334,2864.565924346447,0.0,2784.53955078125,3890.0,1.9239285340008792
70,2.7825968265533447,2284.1458012759686,0.0,2784.53955078125,3890.0,1.945724816992879
71,2.6827023029327393,2666.539225578308,0.0,2784.53955078125,3890.0,1.9674631349917036
72,3.170480489730835,3049.301237642765,0.0,2784.53955078125,3890.0,1.989330002994393
73,2.4643852710723877,2556.033411383629,0.0,2784.53955078125,3890.0,2.011245906993281
74,2.973616361618042,4883.18522888422,0.0,2784.53955078125,3890.0,2.0345451859902823
75,2.6068687438964844,2630.799560904503,0.0,2784.53955078125,3890.0,2.056309038991458
76,2.7657806873321533,2585.889044046402,0.0,2784.53955078125,3890.0,2.077972213999601
77,2.3986129760742188,2531.892561376095,0.0,2784.53955078125,3890.0,2.099688204994891
78,2.4096100330352783,3173.791264951229,0.0,2784.53955078125,3890.0,2.121271379990503
79,3.063518762588501,2880.6362984776497,0.0,2784.53955078125,3890.0,2.143048846992315
80,2.906611919403076,3454.6698231697083,0.0,2784.53955078125,3890.0,2.164691216996289
81,2.165416717529297,3035.432810664177,0.0,2784.53955078125,3890.0,2.1864127820008434
82,2.15885853767395,2853.840258926153,0.0,2784.53955078125,3890.0,2.20831355098926
83,2.139692544937134,3776.8044234514236,0.0,2784.53955078125,3890.0,2.229970271990169
84,2.394087553024292,3091.06725358963,0.0,2784.53955078125,3890.0,2.2516915180021897
85,2.5984458923339844,2308.6680502295494,0.0,2784.53955078125,3890.0,2.2746350429952145
86,2.087658166885376,3571.1771517395973,0.0,2784.53955078125,3890.0,2.2964277290011523
87,2.673158884048462,2991.9349550306797,0.0,2784.53955078125,3890.0,2.31816608599911
88,2.1654856204986572,3820.002056181431,0.0,2784.53955078125,3890.0,2.3399204989982536
89,1.9882696866989136,2659.4804022610188,0.0,2784.53955078125,3890.0,2.361598719988251
90,1.920969843864441,2330.8313840925694,0.0,2784.53955078125,3890.0,2.3833872489922214
91,2.116222620010376,3645.7994522452354,0.0,2784.53955078125,3890.0,2.405324681996717
92,1.9951945543289185,2756.280184864998,0.0,2784.53955078125,3890.0,2.427236121002352
93,1.872023344039917,7196.817329406738,0.0,2784.53955078125,3890.0,2.449194856992108
94,2.3118839263916016,2963.7205813527107,0.0,2784.53955078125,3890.0,2.4722959079954308
95,2.3058478832244873,4927.759147882462,0.0,2784.53955078125,3890.0,2.494213457001024
96,2.1889450550079346,2592.9466711580753,0.0,2784.53955078125,3890.0,2.516012886990211
97,2.25480055809021,3063.214312195778,0.0,2784.53955078125,3890.0,2.537751395997475
98,1.9550000429153442,4048.4130108952522,0.0,2784.53955078125,3890.0,2.5594379190006293
99,2.0696072578430176,3173.13774228096,0.0,2784.53955078125,3890.0,2.5812524579960154
100,2.4042696952819824,2891.406158864498,0.0,2784.53955078125,3890.0,2.603244518992142
101,2.3699893951416016,3192.62018096447,0.0,2784.53955078125,3890.0,2.625225985990255
102,1.7574715614318848,3106.918543756008,0.0,2784.53955078125,3890.0,2.646887130002142
103,2.014115333557129,2959.1868479549885,0.0,2784.53955078125,3890.0,2.668673497988493
104,1.7162867784500122,4958.882333159447,0.0,2784.53955078125,3890.0,2.690361633998691
105,2.2915098667144775,4270.561979353428,0.0,2784.53955078125,3890.0,2.7121013949945336
106,1.8732829093933105,3276.945685684681,0.0,2784.53955078125,3890.0,2.7338451050018193
107,2.7891950607299805,3461.59146630764,0.0,2784.53955078125,3890.0,2.7555226940021385
108,2.0037126541137695,3748.4863756895065,0.0,2784.53955078125,3890.0,2.7772099369904026
109,2.0008761882781982,3151.0011109113693,0.0,2784.53955078125,3890.0,2.7992493259953335
110,1.9041777849197388,2822.5282927155495,0.0,2784.53955078125,3890.0,2.8209255969995866
111,2.2779946327209473,6865.641725957394,0.0,2784.53955078125,3890.0,2.842720020998968
112,1.8151259422302246,2534.405358761549,0.0,2784.53955078125,3890.0,2.864457933988888
113,1.8537558317184448,2899.6951662302017,0.0,2784.53955078125,3890.0,2.886166380994837
114,2.0504558086395264,3996.5243099331856,0.0,2784.53955078125,3890.0,2.907846073998371
115,1.673178791999817,2650.9300848841667,0.0,2784.53955078125,3890.0,2.929794273994048
116,1.6632810831069946,2978.920774281025,0.0,2784.53955078125,3890.0,2.9516163029911695
117,1.777403473854065,4093.0782492756844,0.0,2784.53955078125,3890.0,2.973369346000254
118,1.8272171020507812,4124.98509478569,0.0,2784.53955078125,3890.0,2.9953400300000794
119,1.5751354694366455,2614.7449689805508,0.0,2784.53955078125,3890.0,3.0170358609902905
120,1.9942500591278076,2312.3665011525154,0.0,2784.53955078125,3890.0,3.0400790040002903
121,1.9432873725891113,3021.63169708848,0.0,2784.53955078125,3890.0,3.061864028000855
122,1.7986202239990234,3795.4810841679573,0.0,2784.53955078125,3890.0,3.0836447490000864
123,2.0114541053771973,2115.6906213909388,0.0,2784.53955078125,3890.0,3.105332498991629
124,2.518988847732544,3988.8051283359528,0.0,2784.53955078125,3890.0,3.128451247001067
125,1.568204402923584,2644.5426105856895,0.0,2784.53955078125,3890.0,3.150225176999811
126,1.4128644466400146,2186.196130812168,0.0,2784.53955078125,3890.0,3.171978268001112
127,1.4972827434539795,2452.277628183365,0.0,2784.53955078125,3890.0,3.193911185997422
128,1.591619849205017,2777.979670703411,0.0,2784.53955078125,3890.0,3.2156336569896666
129,1.9374747276306152,2922.182576239109,0.0,2784.53955078125,3890.0,3.237586196992197
130,1.5930198431015015,2525.5122683644295,0.0,2784.53955078125,3890.0,3.2614386770001147
131,1.993351936340332,2073.1233296990395,0.0,2784.53955078125,3890.0,3.283473913994385
132,1.8661558628082275,2621.646947145462,0.0,2784.53955078125,3890.0,3.3053956950025167
133,1.5342891216278076,2724.362706065178,0.0,2784.53955078125,3890.0,3.327625347999856
134,1.5453919172286987,2753.50730702281,0.0,2784.53955078125,3890.0,3.3494000759965274
135,1.6893577575683594,2816.3594670295715,0.0,2784.53955078125,3890.0,3.3710164859949145
136,2.054769277572632,3112.6325930953026,0.0,2784.53955078125,3890.0,3.392944406994502
137,1.6678950786590576,3153.7255085110664,0.0,2784.53955078125,3890.0,3.414581349992659
138,2.0850822925567627,2492.920928686857,0.0,2784.53955078125,3890.0,3.436272619990632
139,1.515142560005188,2530.0364392101765,0.0,2784.53955078125,3890.0,3.458073058995069
140,1.5858333110809326,2725.599242657423,0.0,2784.53955078125,3890.0,3.4797586839995347
141,1.6615169048309326,3219.5884375572205,0.0,2784.53955078125,3890.0,3.501434762001736
142,1.3813538551330566,2663.2242500185966,0.0,2784.53955078125,3890.0,3.523051126001519
143,1.5542680025100708,2376.84332922101,0.0,2784.53955078125,3890.0,3.5446334189909976
144,1.827596664428711,2571.0704650878906,0.0,2784.53955078125,3890.0,3.5662437269929796
145,1.3253726959228516,2239.4806915670633,0.0,2784.53955078125,3890.0,3.588091027995688
146,2.140036106109619,1989.6642011404037,0.0,2784.53955078125,3890.0,3.609847795989481
147,2.3654983043670654,3251.7067124843597,0.0,2784.53955078125,3890.0,3.631565547999344
148,1.399263620376587,2597.501651227474,0.0,2784.53955078125,3890.0,3.653224252993823
149,1.7518341541290283,2398.673925191164,0.0,2784.53955078125,3890.0,3.676216658001067
150,2.0030086040496826,3703.668314218521,0.0,2784.53955078125,3890.0,3.697823973998311
151,1.3906421661376953,2568.6432419121265,0.0,2784.53955078125,3890.0,3.7197042819898343
152,1.2766162157058716,3090.895043671131,0.0,2784.53955078125,3890.0,3.741375347992289
153,1.3015533685684204,2376.722701281309,0.0,2784.53955078125,3890.0,3.7630791409901576
154,1.4422516822814941,2707.168741300702,0.0,2784.53955078125,3890.0,3.7850033110007644
155,1.4199070930480957,2232.563349455595,0.0,2784.53955078125,3890.0,3.8066617049917113
156,1.3166877031326294,2447.5699008107185,0.0,2784.53955078125,3890.0,3.8283418139908463
157,1.0935813188552856,1849.6082220971584,0.0,2784.53955078125,3890.0,3.849926737995702
158,1.6101444959640503,2799.1387297809124,0.0,2784.53955078125,3890.0,3.871559384991997
159,1.3458307981491089,3086.243562191725,0.0,2784.53955078125,3890.0,3.893276942995726
160,1.3219304084777832,2196.9877682179213,0.0,2784.53955078125,3890.0,3.914845952996984
161,1.8421868085861206,3613.2704446315765,0.0,2784.53955078125,3890.0,3.93771403998835
162,1.9592869281768799,2486.4476845264435,0.0,2784.53955078125,3890.0,3.9608975009905407
163,1.3975744247436523,2720.7421150505543,0.0,2784.53955078125,3890.0,3.982851357999607
164,1.250352382659912,1788.528007015586,0.0,2784.53955078125,3890.0,4.004565867988276
165,1.2484486103057861,3126.50718665123,0.0,2784.53955078125,3890.0,4.026165873990976
166,1.526237964630127,2916.1237783432007,0.0,2784.53955078125,3890.0,4.047801226988668
167,1.7109110355377197,3981.999541848898,0.0,2784.53955078125,3890.0,4.06948974399711
168,1.37957763671875,3316.9428445398808,0.0,2784.53955078125,3890.0,4.091191775994957
169,1.1555821895599365,1963.2445567697287,0.0,2784.53955078125,3890.0,4.1128111479920335
170,1.389180302619934,3057.611325442791,0.0,2784.53955078125,3890.0,4.134440945999813
171,1.8777097463607788,2782.607160180807,0.0,2784.53955078125,3890.0,4.156116853991989
172,1.2485164403915405,2460.4241296947002,0.0,2784.53955078125,3890.0,4.178005016990937
173,1.725036859512329,2283.167536318302,0.0,2784.53955078125,3890.0,4.200888025996392
174,1.108892560005188,2982.0441170036793,0.0,2784.53955078125,3890.0,4.222550841994234
175,1.2985159158706665,2612.849962413311,0.0,2784.53955078125,3890.0,4.24424760400143
176,1.1662461757659912,5574.78884691,0.0,2784.53955078125,3890.0,4.265947409992805
177,1.2359163761138916,2273.092860341072,0.0,2784.53955078125,3890.0,4.2875536539941095
178,2.033553123474121,4745.278217315674,0.0,2784.53955078125,3890.0,4.310634831999778
179,1.2518290281295776,3388.1439330279827,0.0,2784.53955078125,3890.0,4.332436456999858
180,1.6480507850646973,2917.6715516746044,0.0,2784.53955078125,3890.0,4.354051689995686
181,1.8368358612060547,2388.867456227541,0.0,2784.53955078125,3890.0,4.377380762001849
182,1.229997992515564,2596.502141594887,0.0,2784.53955078125,3890.0,4.399152707992471
183,1.26229727268219,3047.9287906587124,0.0,2784.53955078125,3890.0,4.420859452991863
184,1.9883819818496704,3702.852723002434,0.0,2784.53955078125,3890.0,4.442639891989529
185,1.8456957340240479,3584.298658668995,0.0,2784.53955078125,3890.0,4.464463686992531
186,1.3018004894256592,3964.8766516447067,0.0,2784.53955078125,3890.0,4.486218191988883
187,1.8417044878005981,2533.038981154561,0.0,2784.53955078125,3890.0,4.509246830988559
188,1.5964300632476807,2833.4448016881943,0.0,2784.53955078125,3890.0,4.532259718995192
189,1.287312626838684,2496.835236430168,0.0,2784.53955078125,3890.0,4.55395922299067
190,1.1234934329986572,3477.651006549597,0.0,2784.53955078125,3890.0,4.575949826990836
191,1.4070426225662231,2432.858492821455,0.0,2784.53955078125,3890.0,4.597564570998657
192,1.1368193626403809,2969.1686648726463,0.0,2784.53955078125,3890.0,4.6192784259910695
193,1.2370033264160156,2449.9194101393223,0.0,2784.53955078125,3890.0,4.640969604995917
194,1.3274372816085815,2537.511826634407,0.0,2784.53955078125,3890.0,4.662601187999826
195,1.530288577079773,2597.3180126845837,0.0,2784.53955078125,3890.0,4.684263548988383
196,1.1585123538970947,2107.4040755033493,0.0,2784.53955078125,3890.0,4.705973545991583
197,2.0512590408325195,3892.965299844742,0.0,2784.53955078125,3890.0,4.727574614997138
198,1.4123684167861938,2712.9741788208485,0.0,2784.53955078125,3890.0,4.74924701800046
199,1.066041111946106,1787.2623512893915,0.0,2784.53955078125,3890.0,4.77106201199058
200,1.7779158353805542,2612.345260620117,0.0,2784.53955078125,3890.0,4.792718841999886
201,1.632385015487671,1902.981435596943,0.0,2784.53955078125,3890.0,4.81610386299144
202,1.155706524848938,1992.018089711666,0.0,2784.53955078125,3890.0,4.83774823899148
203,1.302444577217102,2522.5076098442078,0.0,2784.53955078125,3890.0,4.859345708988258
204,1.6428143978118896,1867.4259014129639,0.0,2784.53955078125,3890.0,4.880912640001043
205,1.4885228872299194,1987.2920722067356,0.0,2784.53955078125,3890.0,4.9038503379997564
206,2.031653881072998,4097.452861845493,0.0,2784.53955078125,3890.0,4.926817843996105
207,1.1501152515411377,2658.060772269964,0.0,2784.53955078125,3890.0,4.948826066000038
208,2.087322473526001,2663.223245024681,0.0,2784.53955078125,3890.0,4.970814643995254
209,1.108838438987732,1931.3950298130512,0.0,2784.53955078125,3890.0,4.992559170990717
210,1.2442039251327515,3346.9925995469093,0.0,2784.53955078125,3890.0,5.014201874000719
211,1.7061784267425537,2863.907701551914,0.0,2784.53955078125,3890.0,5.035800758996629
212,1.1308989524841309,3198.0598207712173,0.0,2784.53955078125,3890.0,5.057413040995016
213,1.3444654941558838,1891.367976874113,0.0,2784.53955078125,3890.0,5.078976224001963
214,1.3245251178741455,2222.3719120919704,0.0,2784.53955078125,3890.0,5.100607866988867
215,1.312687873840332,3469.9746980667114,0.0,2784.53955078125,3890.0,5.1222519659932
216,1.0720449686050415,2179.0938109755516,0.0,2784.53955078125,3890.0,5.1438198019895935
217,1.8078856468200684,3261.8123643398285,0.0,2784.53955078125,3890.0,5.166970744001446
218,1.0199699401855469,2506.9210721850395,0.0,2784.53955078125,3890.0,5.188666741989437
219,1.0783311128616333,2759.1992874741554,0.0,2784.53955078125,3890.0,5.210230044001946
220,1.4564824104309082,2393.573707431555,0.0,2784.53955078125,3890.0,5.231863141991198
221,1.3003166913986206,1761.995784431696,0.0,2784.53955078125,3890.0,5.253930733990273
222,1.0334906578063965,2195.2528178095818,0.0,2784.53955078125,3890.0,5.275859054992907
223,1.1528786420822144,2003.826169848442,0.0,2784.53955078125,3890.0,5.297578628000338
224,1.2908316850662231,2023.7727754116058,0.0,2784.53955078125,3890.0,5.319215327996062
225,1.016484260559082,3064.977544248104,0.0,2784.53955078125,3890.0,5.340950019992306
226,1.4259194135665894,3829.387068748474,0.0,2784.53955078125,3890.0,5.3627940459991805
227,1.1856063604354858,11463.639439344406,0.0,2784.53955078125,3890.0,5.384393387997989
228,1.9432214498519897,3172.4675879478455,0.0,2784.53955078125,3890.0,5.407290417002514
229,1.1250977516174316,3322.019034266472,0.0,2784.53955078125,3890.0,5.4290018460014835
230,1.4626270532608032,7475.692711234093,0.0,2784.53955078125,3890.0,5.450857325995457
231,1.1532269716262817,2531.65181607008,0.0,2784.53955078125,3890.0,5.472649360992364
232,1.0944164991378784,2440.918861359358,0.0,2784.53955078125,3890.0,5.494364686994231
233,1.3181495666503906,2007.097437262535,0.0,2784.53955078125,3890.0,5.515918564997264
234,0.9790882468223572,2669.4389105439186,0.0,2784.53955078125,3890.0,5.5375138919916935
235,1.3304665088653564,2685.7393348813057,0.0,2784.53955078125,3890.0,5.559511571002076
236,1.5231903791427612,2163.62963616848,0.0,2784.53955078125,3890.0,5.5810869409906445
237,1.9615142345428467,4727.300473451614,0.0,2784.53955078125,3890.0,5.602664781996282
238,1.0468395948410034,3837.7334417700768,0.0,2784.53955078125,3890.0,5.624201279002591
239,1.1021596193313599,1999.3916775882244,0.0,2784.53955078125,3890.0,5.645887009988655
240,1.7511794567108154,2645.6363594532013,0.0,2784.53955078125,3890.0,5.6674536089994945
241,1.5178040266036987,2758.609126329422,0.0,2784.53955078125,3890.0,5.689106737001566
242,2.10321307182312,2889.3784653544426,0.0,2784.53955078125,3890.0,5.710741479997523
243,1.827594518661499,3236.1126657128334,0.0,2784.53955078125,3890.0,5.732380518995342
244,1.2163420915603638,3048.0527988672256,0.0,2784.53955078125,3890.0,5.754286911993404
245,1.6718318462371826,1949.0415089428425,0.0,2784.53955078125,3890.0,5.777383073000237
246,1.1695964336395264,3292.8234947919846,0.0,2784.53955078125,3890.0,5.799083010992035
247,1.5328198671340942,2770.9635442495346,0.0,2784.53955078125,3890.0,5.822054518997902
248,1.1935598850250244,2939.3071707487106,0.0,2784.53955078125,3890.0,5.843717436990119
249,1.2228777408599854,2508.5452781170607,0.0,2784.53955078125,3890.0,5.865445496994653
250,1.0107018947601318,1641.448212236166,0.0,2784.53955078125,3890.0,5.887146515990025
251,1.3063843250274658,1782.157516092062,0.0,2784.53955078125,3890.0,5.908981089000008
252,1.1277095079421997,2511.961102604866,0.0,2784.53955078125,3890.0,5.930547338997712
253,1.7316136360168457,2656.235769480467,0.0,2784.53955078125,3890.0,5.9525853139930405
254,1.1345103979110718,2029.9485604465008,0.0,2784.53955078125,3890.0,5.97426720400108
255,0.9422290921211243,2234.8153674304485,0.0,2784.53955078125,3890.0,5.99592594699061
256,1.1453558206558228,1775.5143996477127,0.0,2784.53955078125,3890.0,6.017596888996195
257,1.5252408981323242,2732.031403541565,0.0,2784.53955078125,3890.0,6.039232238996192
258,1.1779454946517944,2446.977423965931,0.0,2784.53955078125,3890.0,6.060930673993425
259,1.2898633480072021,1673.402958124876,0.0,2784.53955078125,3890.0,6.082587924989639
260,1.1487478017807007,2172.8080947995186,0.0,2784.53955078125,3890.0,6.104211714991834
261,2.291071653366089,7047.0904123187065,0.0,2784.53955078125,3890.0,6.125849086995004
262,1.1643744707107544,1521.8415798842907,0.0,2784.53955078125,3890.0,6.1476478279946605
263,1.4773545265197754,1951.3814077675343,0.0,2784.53955078125,3890.0,6.169281411988777
264,1.4258309602737427,2009.7937947511673,0.0,2784.53955078125,3890.0,6.192143003994715
265,1.2518565654754639,1964.2144471555948,0.0,2784.53955078125,3890.0,6.213857984999777
266,1.9617109298706055,1694.4582399725914,0.0,2784.53955078125,3890.0,6.236799409001833
267,1.6565821170806885,2213.1933780908585,0.0,2784.53955078125,3890.0,6.258516161993612
268,1.363662838935852,1451.827740624547,0.0,2784.53955078125,3890.0,6.280076822993578
269,1.5601972341537476,2033.8298022449017,0.0,2784.53955078125,3890.0,6.3031775599956745
270,1.1214735507965088,2280.2336210608482,0.0,2784.53955078125,3890.0,6.324889177994919
271,0.8788676857948303,2145.7617974877357,0.0,2784.53955078125,3890.0,6.346693836996565
272,1.0288037061691284,2476.626292347908,0.0,2784.53955078125,3890.0,6.368334617000073
273,1.398338794708252,1759.845405459404,0.0,2784.53955078125,3890.0,6.389984695997555
274,1.4798880815505981,2022.8991643488407,0.0,2784.53955078125,3890.0,6.411586324989912
275,1.4998435974121094,2589.6255042254925,0.0,2784.53955078125,3890.0,6.433225068001775
276,1.6066449880599976,1491.363486289978,0.0,2784.53955078125,3890.0,6.455120439990424
277,1.0066004991531372,1383.244211256504,0.0,2784.53955078125,3890.0,6.476893607992679
278,1.0843737125396729,1408.9377772510052,0.0,2784.53955078125,3890.0,6.498578496990376
279,2.0875179767608643,2241.967430561781,0.0,2784.53955078125,3890.0,6.521683664992452
280,0.937951385974884,3357.6425977647305,0.0,2784.53955078125,3890.0,6.5435959289898165
281,1.0155768394470215,1823.2572266161442,0.0,2784.53955078125,3890.0,6.565290878992528
282,1.5992244482040405,1750.4823160171509,0.0,2784.53955078125,3890.0,6.586843170996872
283,0.8331331014633179,1823.6603376567364,0.0,2784.53955078125,3890.0,6.608464295000886
284,0.953295111656189,1652.5604563057423,0.0,2784.53955078125,3890.0,6.630142651993083
285,1.0365351438522339,1759.0472531318665,0.0,2784.53955078125,3890.0,6.651776710990816
286,0.9466654062271118,1432.9458002746105,0.0,2784.53955078125,3890.0,6.673475345989573
287,1.9596998691558838,1366.9322625994682,0.0,2784.53955078125,3890.0,6.695167864992982
288,0.8536040782928467,1427.7448989748955,0.0,2784.53955078125,3890.0,6.716770517989062
289,1.4645545482635498,1805.254417359829,0.0,2784.53955078125,3890.0,6.738640764990123
290,0.8870217204093933,1396.3360453248024,0.0,2784.53955078125,3890.0,6.760300673995516
291,0.8399826288223267,1687.4799223840237,0.0,2784.53955078125,3890.0,6.781909751996864
292,1.3352513313293457,1886.1454445570707,0.0,2784.53955078125,3890.0,6.803663621991291
293,0.9214083552360535,1524.6450338959694,0.0,2784.53955078125,3890.0,6.825320549993194
294,1.4418230056762695,1889.4355501830578,0.0,2784.53955078125,3890.0,6.846986693999497
295,0.8233224153518677,1593.4610893279314,0.0,2784.53955078125,3890.0,6.868592953993357
296,1.1327043771743774,1606.6102552711964,0.0,2784.53955078125,3890.0,6.8902687529916875
297,0.8609915375709534,1710.318153873086,0.0,2784.53955078125,3890.0,6.911882385989884
298,0.9130709767341614,2462.899674117565,0.0,2784.53955078125,3890.0,6.933613834000425
299,0.9946703314781189,1558.8546331226826,0.0,2784.53955078125,3890.0,6.95546723199368
300,0.8290718793869019,1300.030959829688,0.0,2784.53955078125,3890.0,6.977177458000369
301,0.7909653782844543,1629.0597132742405,0.0,2784.53955078125,3890.0,6.999002430995461
302,0.7959784269332886,1903.4093866050243,0.0,2784.53955078125,3890.0,7.020604461999028
303,1.6085779666900635,1865.6714048683643,0.0,2784.53955078125,3890.0,7.042056024991325
304,2.105710744857788,1673.1064167320728,0.0,2784.75634765625,3890.0,7.064941492993967
305,0.8996233940124512,1852.1109108626842,0.0,2784.75634765625,3890.0,7.086593166997773
306,0.8062642812728882,1353.4541483819485,0.0,2784.75634765625,3890.0,7.10819179599639
307,1.1758075952529907,1236.6763117015362,0.0,2784.75634765625,3890.0,7.130141796995304
308,2.2621278762817383,1582.6490291059017,0.0,2784.75634765625,3890.0,7.15184862499882
309,0.994705080986023,1782.4918063282967,0.0,2784.75634765625,3890.0,7.173445547989104
310,1.3573548793792725,1472.4279912114143,0.0,2784.75634765625,3890.0,7.195167961996049
311,0.8415161967277527,1281.8292450606823,0.0,2784.75634765625,3890.0,7.216773838998051
312,1.2124298810958862,1699.663842946291,0.0,2784.75634765625,3890.0,7.238687316988944
313,0.7502328157424927,1392.9154247939587,0.0,2784.75634765625,3890.0,7.26401026599342
314,0.7647241950035095,1422.6469908058643,0.0,2784.75634765625,3890.0,7.288306157992338
315,1.1951309442520142,2425.13785135746,0.0,2784.75634765625,3890.0,7.312186886993004
316,1.1248141527175903,2177.386285841465,0.0,2784.75634765625,3890.0,7.336279641996953
317,1.3069369792938232,1363.1868733465672,0.0,2784.75634765625,3890.0,7.360209335995023
318,0.9392356872558594,1198.4503082931042,0.0,2784.75634765625,3890.0,7.3840905760007445
319,2.0381686687469482,1874.0237751603127,0.0,2784.75634765625,3890.0,7.408926706993952
320,1.4824305772781372,2075.77820661664,0.0,2784.75634765625,3890.0,7.433956786990166
321,1.3653327226638794,1694.966360077262,0.0,2784.75634765625,3890.0,7.457816858994192
322,1.3067256212234497,1428.5429643541574,0.0,2784.75634765625,3890.0,7.482853401001194
323,0.7819099426269531,1139.9346016198397,0.0,2784.75634765625,3890.0,7.506743124991772
324,0.7519307136535645,1390.6356601566076,0.0,2784.75634765625,3890.0,7.530618135991972
325,1.0913548469543457,1371.71477663517,0.0,2784.75634765625,3890.0,7.55596310699184
326,0.9197539687156677,2023.3949548602104,0.0,2784.75634765625,3890.0,7.579774333993555
327,1.1227729320526123,2339.838853597641,0.0,2784.75634765625,3890.0,7.603654901002301
328,1.673311471939087,1289.3318901956081,0.0,2784.75634765625,3890.0,7.6287032539985375
329,0.9243666529655457,1668.0320330262184,0.0,2784.75634765625,3890.0,7.65242182998918
330,1.2238118648529053,1598.6915714740753,0.0,2784.75634765625,3890.0,7.676081174999126
331,0.8528869152069092,1441.503445416689,0.0,2784.75634765625,3890.0,7.699838853994152
332,1.084924340248108,1793.158172160387,0.0,2784.75634765625,3890.0,7.723535725992406
333,1.1342124938964844,1978.8427729606628,0.0,2784.75634765625,3890.0,7.748400796001079
334,0.8935502767562866,1138.9954070746899,0.0,2784.75634765625,3890.0,7.772569626002223
335,1.2353025674819946,1799.2579142451286,0.0,2784.75634765625,3890.0,7.796435707990895
336,1.2386350631713867,1218.0681073516607,0.0,2784.75634765625,3890.0,7.821358175002388
337,1.205804705619812,1650.9739092588425,0.0,2784.75634765625,3890.0,7.845163726989995
338,0.9307640194892883,1399.2714130580425,0.0,2784.75634765625,3890.0,7.8690720519953175
339,1.2682075500488281,1760.3486635684967,0.0,2784.75634765625,3890.0,7.892852012999356
340,1.0203346014022827,1231.516030535102,0.0,2784.75634765625,3890.0,7.918539692997001
341,1.024836778640747,1763.4729250371456,0.0,2784.75634765625,3890.0,7.941226487993845
342,1.3180164098739624,1441.6873923242092,0.0,2784.75634765625,3890.0,7.9659789509896655
343,0.8524577617645264,1221.9315897077322,0.0,2784.75634765625,3890.0,7.990435624989914
344,1.3093520402908325,1287.8082909584045,0.0,2784.75634765625,3890.0,8.014288156002294
345,1.125483512878418,1670.665619134903,0.0,2784.75634765625,3890.0,8.038100650999695
346,0.814593493938446,1479.6549464017153,0.0,2784.75634765625,3890.0,8.061826029996155
347,1.4729191064834595,2013.7390829622746,0.0,2784.75634765625,3890.0,8.085485320989392
348,0.7170880436897278,1273.0213321894407,0.0,2784.75634765625,3890.0,8.109187276000739
349,0.9401968121528625,2264.019371598959,0.0,2784.75634765625,3890.0,8.132871636000345
350,1.2202857732772827,1432.728960186243,0.0,2784.75634765625,3890.0,8.157682348988601
351,0.7507248520851135,1265.8936159014702,0.0,2784.75634765625,3890.0,8.181586206992506
352,1.4817962646484375,2553.396206229925,0.0,2784.75634765625,3890.0,8.205688766000094
353,0.996583878993988,1590.053546860814,0.0,2784.75634765625,3890.0,8.229391920001945
354,0.8610512018203735,1280.0795869529247,0.0,2784.75634765625,3890.0,8.2531928219978
355,0.872672975063324,1516.0412279963493,0.0,2784.75634765625,3890.0,8.276909392996458
356,0.8125662207603455,979.8982985690236,0.0,2784.75634765625,3890.0,8.300632130994927
357,1.5908102989196777,23941.842428684235,0.0,2784.75634765625,3890.0,8.324294670994277
358,1.3657013177871704,2016.4275473952293,0.0,2784.75634765625,3890.0,8.348096347996034
359,0.9342857599258423,2470.073496669531,0.0,2784.75634765625,3890.0,8.371873632000643
360,1.2329933643341064,1964.3903938531876,0.0,2784.75634765625,3890.0,8.395588219995261
361,1.1215174198150635,2582.9902438521385,0.0,2784.75634765625,3890.0,8.419578157991054
362,1.2738240957260132,2657.291434288025,0.0,2784.75634765625,3890.0,8.443464001000393
363,1.2657438516616821,2298.338421911001,0.0,2784.75634765625,3890.0,8.467457466991618
364,1.199452519416809,2810.227704077959,0.0,2784.75634765625,3890.0,8.491206660997705
365,1.2360016107559204,2424.3189226686954,0.0,2784.75634765625,3890.0,8.514967505994719
366,1.230177879333496,2145.4647736251354,0.0,2784.75634765625,3890.0,8.538671280999552
367,1.7416298389434814,6879.742259383202,0.0,2784.75634765625,3890.0,8.562351749002119
368,1.7531577348709106,2870.351078271866,0.0,2784.75634765625,3890.0,8.585994843000663
369,1.3198655843734741,3581.010738015175,0.0,2784.75634765625,3890.0,8.609805034997407
370,1.1880334615707397,2603.615073263645,0.0,2784.75634765625,3890.0,8.633892329991795
371,2.3093886375427246,3251.7438892126083,0.0,2784.75634765625,3890.0,8.657811168988701
372,1.1402561664581299,1975.376537412405,0.0,2784.75634765625,3890.0,8.681506316992454
373,1.494392991065979,1675.0749274790287,0.0,2784.75634765625,3890.0,8.70627557199623
374,1.1334270238876343,2169.2060365974903,0.0,2784.75634765625,3890.0,8.730069609999191
375,1.1237568855285645,1894.1768123805523,0.0,2784.75634765625,3890.0,8.753900422991137
376,1.7523610591888428,2248.510371595621,0.0,2784.75634765625,3890.0,8.778419353999197
377,1.3099414110183716,1867.117810100317,0.0,2784.75634765625,3890.0,8.803343641993706
378,2.2175588607788086,1914.686594337225,0.0,2784.75634765625,3892.0,8.828312404992175
379,2.043776750564575,2692.998611599207,0.0,2784.75634765625,3892.0,8.85235943600128
380,0.8712682127952576,1314.8062427192926,0.0,2784.75634765625,3892.0,8.877039159997366
381,1.1339470148086548,2109.9741440415382,0.0,2784.75634765625,3892.0,8.902145878993906
382,1.5941354036331177,2525.6463747024536,0.0,2784.75634765625,3892.0,8.926141520991223
383,1.001800298690796,1438.6936468482018,0.0,2784.75634765625,3892.0,8.950128716998734
384,1.2954615354537964,4152.8448704481125,0.0,2784.75634765625,3892.0,8.974053564001224
385,1.094057321548462,1983.7585665285587,0.0,2784.75634765625,3892.0,8.997929250996094
386,1.7557553052902222,2006.1753166764975,0.0,2784.75634765625,3892.0,9.02272260299651
387,1.070054531097412,2358.062259539962,0.0,2784.75634765625,3892.0,9.046532007996575
388,1.4976344108581543,2243.4857946038246,0.0,2784.75634765625,3892.0,9.070576402998995
389,1.2866368293762207,1595.5944728553295,0.0,2784.75634765625,3892.0,9.094557616990642
390,1.6358921527862549,1798.3448592424393,0.0,2784.75634765625,3892.0,9.118251318999683
391,1.4551204442977905,2022.7056404352188,0.0,2784.75634765625,3892.0,9.141985890993965
392,1.5191439390182495,2260.335931509733,0.0,2784.75634765625,3892.0,9.16569919900212
393,1.131093144416809,2108.566559791565,0.0,2784.75634765625,3892.0,9.189566194996587
394,1.0043853521347046,2455.403079509735,0.0,2784.75634765625,3892.0,9.213382889996865
395,0.9024523496627808,1632.5601706504822,0.0,2784.75634765625,3892.0,9.237197409995133
396,0.9418992400169373,2118.1662189364433,0.0,2784.75634765625,3892.0,9.26202997600194
397,1.320350170135498,1178.366223797202,0.0,2784.75634765625,3892.0,9.286504206000245
398,1.4121341705322266,2257.7851499915123,0.0,2784.75634765625,3892.0,9.310309994994896
399,1.3442490100860596,1449.544233173132,0.0,2784.75634765625,3892.0,9.334096537000732
400,0.890557587146759,1400.922658443451,0.0,2784.75634765625,3892.0,9.357881415999145
401,1.199123501777649,1677.0712353289127,0.0,3467.634765625,7868.0,10.640630371999578
402,0.8906242847442627,1025.746893569827,0.0,3467.634765625,7868.0,10.664622344993404
403,1.3759260177612305,3744.6252905130386,0.0,3467.634765625,7868.0,10.68842537299497
404,0.9343181252479553,1224.8787335902452,0.0,3467.634765625,7868.0,10.71214096499898
405,1.4520927667617798,1326.9060111939907,0.0,3467.634765625,7868.0,10.73597136499302
406,0.8590309023857117,1251.5430125892162,0.0,3467.634765625,7868.0,10.759872290000203
407,1.410310983657837,1079.5323065891862,0.0,3467.634765625,7868.0,10.783726178997313
408,0.7674770355224609,955.0163942575455,0.0,3467.634765625,7868.0,10.807580113993026
409,0.7866649627685547,1375.8392710834742,0.0,3467.634765625,7868.0,10.831366516998969
410,0.9727230668067932,1736.6193304359913,0.0,3467.634765625,7868.0,10.855591975996504
411,0.8250138163566589,1019.5025684535503,0.0,3467.634765625,7868.0,10.87940047099255
412,1.1850597858428955,1440.4345631748438,0.0,3467.634765625,7868.0,10.903177202999359
413,0.9923220276832581,2063.3039172291756,0.0,3467.634765625,7868.0,10.928150972002186
414,0.7948646545410156,841.8467311412096,0.0,3467.634765625,7868.0,10.952000124001643
415,0.8739445209503174,1116.3323629051447,0.0,3467.634765625,7868.0,10.97616091799864
416,1.1975891590118408,1114.0966017693281,0.0,3467.634765625,7868.0,11.001302320990362
417,1.1491533517837524,1422.383309096098,0.0,3467.634765625,7868.0,11.025191463995725
418,0.8593281507492065,1104.30171482265,0.0,3467.634765625,7868.0,11.049011932002031
419,0.7464892864227295,973.9557734131813,0.0,3467.634765625,7868.0,11.073009975996683
420,0.803433358669281,1461.1812812387943,0.0,3467.634765625,7868.0,11.096846824002569
421,0.967508852481842,1268.346573933959,0.0,3467.634765625,7868.0,11.120675181999104
422,1.8427542448043823,1663.855718255043,0.0,3467.634765625,7868.0,11.14449167100247
423,1.3487492799758911,1840.4352624416351,0.0,3467.634765625,7868.0,11.168377395995776
424,0.8603522777557373,1467.6141411066055,0.0,3467.634765625,7868.0,11.192220761993667
425,1.3422452211380005,1452.778759792447,0.0,3467.634765625,7868.0,11.215716808990692
426,1.3233494758605957,1318.4396623522043,0.0,3467.634765625,7868.0,11.239774064990343
427,0.9055081009864807,1291.5139350295067,0.0,3467.634765625,7868.0,11.264675786995213
428,0.8880103230476379,911.137091755867,0.0,3467.634765625,7868.0,11.2886472389946
429,0.792867124080658,1240.0141330957413,0.0,3467.634765625,7868.0,11.312446101990645
430,0.833582878112793,1445.033007711172,0.0,3467.634765625,7868.0,11.336245325001073
431,0.765571653842926,1058.958513662219,0.0,3467.634765625,7868.0,11.360078904996044
432,0.8419057130813599,1377.7810397446156,0.0,3467.634765625,7868.0,11.383870375997503
433,0.7500830888748169,1326.5875844061375,0.0,3467.634765625,7868.0,11.407662915997207
434,0.8929717540740967,1281.2811158448458,0.0,3467.634765625,7868.0,11.431522515995312
435,0.7570180296897888,1417.6827900111675,0.0,3467.634765625,7868.0,11.455386930989334
436,0.7906234860420227,958.2048879638314,0.0,3467.634765625,7868.0,11.479376260991558
437,1.163662314414978,1056.4101208001375,0.0,3467.634765625,7868.0,11.503630747989519
438,0.8234502077102661,1119.213519334793,0.0,3467.634765625,7868.0,11.52748730899475
439,0.7628798484802246,1284.1573785990477,0.0,3467.634765625,7868.0,11.551258886000142
440,1.0993391275405884,1207.0796138346195,0.0,3467.634765625,7868.0,11.574996519993874
441,1.4683574438095093,2475.4549891650677,0.0,3467.634765625,7868.0,11.598718941997504
442,0.8642469048500061,1285.1569371968508,0.0,3467.634765625,7868.0,11.622640931993374
443,0.958802342414856,1301.3821859955788,0.0,3467.634765625,7868.0,11.647532092989422
444,0.8218761086463928,1528.6036950796843,0.0,3467.634765625,7868.0,11.671331281992025
445,0.739615261554718,877.3083885461092,0.0,3467.634765625,7868.0,11.69523667699832
446,0.7704293131828308,983.1498171538115,0.0,3467.634765625,7868.0,11.719345908000832
447,0.7053351998329163,1004.4545476064086,0.0,3467.634765625,7868.0,11.743124237997108
448,0.9943156242370605,1182.618023455143,0.0,3467.634765625,7868.0,11.766966762996162
449,0.8129907250404358,1178.8767863363028,0.0,3467.634765625,7868.0,11.790760995994788
450,0.8053932189941406,1255.7239108383656,0.0,3467.634765625,7868.0,11.814553742995486
451,0.8030070662498474,1024.3742517977953,0.0,3467.634765625,7868.0,11.838467402994866
452,1.4205516576766968,1289.8183622658253,0.0,3467.634765625,7868.0,11.862379445999977
453,0.6741068959236145,1051.397172614932,0.0,3467.634765625,7868.0,11.88616912199359
454,0.6676801443099976,874.5737297832966,0.0,3467.634765625,7868.0,11.909922382998047
455,0.7262275218963623,1504.30295355618,0.0,3467.634765625,7868.0,11.93398206299753
456,0.7153487205505371,2153.714694738388,0.0,3467.634765625,7868.0,11.957929762997082
457,0.9304747581481934,838.6323578506708,0.0,3467.634765625,7868.0,11.982949173994712
458,0.807000458240509,1101.293627947569,0.0,3467.634765625,7868.0,12.006847817989183
459,0.6572042107582092,1212.4873106181622,0.0,3467.634765625,7868.0,12.030642811994767
460,0.7609360218048096,1100.2417069971561,0.0,3467.634765625,7868.0,12.05448737599363
461,0.7408869862556458,959.789142921567,0.0,3467.634765625,7868.0,12.078323691996047
462,1.0259202718734741,894.6181540042162,0.0,3467.634765625,7868.0,12.102162276001764
463,1.134993314743042,1230.3588376939297,0.0,3467.634765625,7868.0,12.12590076700144
464,1.2315086126327515,1309.7272664606571,0.0,3467.634765625,7868.0,12.150014058992383
465,1.0695297718048096,1102.9027488529682,0.0,3467.634765625,7868.0,12.17382357599854
466,1.0232218503952026,1227.788328036666,0.0,3467.634765625,7868.0,12.197687091989792
467,0.929480791091919,1234.8959595561028,0.0,3467.634765625,7868.0,12.221143620001385
468,0.7367421984672546,1205.5880200564861,0.0,3467.634765625,7868.0,12.24494136100111
469,0.9435492753982544,1261.9207056462765,0.0,3467.634765625,7868.0,12.268716177000897
470,1.9472804069519043,1127.6600123792887,0.0,3467.634765625,7868.0,12.292507342994213
471,0.8489384055137634,1176.934478789568,0.0,3467.634765625,7868.0,12.316228026989847
472,0.788851261138916,1233.473168194294,0.0,3467.634765625,7868.0,12.34002425399376
473,0.8724833130836487,1505.6351749300957,0.0,3467.634765625,7868.0,12.364063090994023
474,1.2329072952270508,1324.081809580326,0.0,3467.634765625,7868.0,12.387969395000255
475,1.0118777751922607,1173.7048163563013,0.0,3467.634765625,7868.0,12.412943292991258
476,1.6989892721176147,1522.237338155508,0.0,3467.634765625,7868.0,12.437745571995038
477,0.9794818758964539,1070.0153371989727,0.0,3467.634765625,7868.0,12.461596690991428
478,1.1278034448623657,1853.901688799262,0.0,3467.634765625,7868.0,12.48553123799502
479,1.1168456077575684,1307.5673870295286,0.0,3467.634765625,7868.0,12.509342667995952
480,0.7512021064758301,1482.4471886008978,0.0,3467.634765625,7868.0,12.533092543992097
481,0.6911481022834778,771.2960293143988,0.0,3467.634765625,7868.0,12.556825929001207
482,0.7267714738845825,1455.889306217432,0.0,3467.634765625,7868.0,12.580969442002242
483,0.6722575426101685,1149.1097556054592,0.0,3467.634765625,7868.0,12.604856949998066
484,0.6419828534126282,1328.2910705804825,0.0,3467.634765625,7868.0,12.628844994993415
485,1.11834716796875,1286.723695218563,0.0,3467.634765625,7868.0,12.652705125990906
486,0.8052955865859985,1043.079728886485,0.0,3467.634765625,7868.0,12.676486444994225
487,0.6532100439071655,1172.559787735343,0.0,3467.634765625,7868.0,12.70033695299935
488,0.664527416229248,1402.0014224350452,0.0,3467.634765625,7868.0,12.724110900991946
489,0.9308405518531799,1613.8509603142738,0.0,3467.634765625,7868.0,12.747858721995726
490,0.7090718746185303,1010.3975378274918,0.0,3467.634765625,7868.0,12.771659206991899
491,0.6846668124198914,966.9122031033039,0.0,3467.634765625,7868.0,12.795905626990134
492,0.7022320628166199,1079.199722290039,0.0,3467.634765625,7868.0,12.819973895995645
493,1.2165600061416626,1053.85554048419,0.0,3467.634765625,7868.0,12.843734804002452
494,1.1360472440719604,1136.9711256623268,0.0,3467.634765625,7868.0,12.867657770999358
495,0.7101319432258606,948.8101585507393,0.0,3467.634765625,7868.0,12.89140076599142
496,0.7035518288612366,1503.628933608532,0.0,3467.634765625,7868.0,12.915113820999977
497,0.8875201940536499,1365.9507585167885,0.0,3467.634765625,7868.0,12.93900685099652
498,0.7153231501579285,941.0061436295509,0.0,3467.634765625,7868.0,12.96275581799273
499,1.0716817378997803,1351.2757748961449,0.0,3467.634765625,7868.0,12.986819306999678
500,0.6447726488113403,983.8487191051245,0.0,3467.634765625,7868.0,13.011077646995545
501,0.6119871735572815,809.3952514380217,0.0,3467.634765625,7868.0,13.03500470999279
502,0.9466813206672668,1999.4941063672304,0.0,3467.634765625,7868.0,13.058761990992934
503,1.1650257110595703,1023.9437767118216,0.0,3467.634765625,7868.0,13.08252198799164
504,0.7635098099708557,1058.9402129799128,0.0,3467.634765625,7868.0,13.10643369499303
505,1.1054792404174805,1243.7089982926846,0.0,3467.634765625,7868.0,13.131424620994949
506,0.7768087983131409,1323.6645794212818,0.0,3467.634765625,7868.0,13.15523906800081
507,1.1164729595184326,2680.3761638998985,0.0,3467.634765625,7868.0,13.17892480599403
508,0.6651425361633301,1450.0914059877396,0.0,3467.634765625,7868.0,13.20260178099852
509,0.7900843620300293,1155.8590102791786,0.0,3467.634765625,7868.0,13.226759273995413
510,1.3188018798828125,1318.1369763165712,0.0,3467.634765625,7868.0,13.25163270199846
511,1.1534472703933716,1210.2036362290382,0.0,3467.634765625,7868.0,13.276776346989209
512,0.7736961841583252,1443.8458887040615,0.0,3467.634765625,7868.0,13.300689593990683
513,0.698432981967926,1511.9018829613924,0.0,3467.634765625,7868.0,13.324453016000916
514,1.1931873559951782,1062.8313845694065,0.0,3467.634765625,7868.0,13.349214218993438
515,1.3464179039001465,1131.8622607886791,0.0,3467.634765625,7868.0,13.373012759999256
516,1.248174786567688,1236.3126423060894,0.0,3467.634765625,7868.0,13.396789007994812
517,0.6558946371078491,1152.5888066589832,0.0,3467.634765625,7868.0,13.420527242997196
518,0.7225638628005981,904.6307821720839,0.0,3467.634765625,7868.0,13.444617027998902
519,1.451463222503662,987.8981541544199,0.0,3467.634765625,7868.0,13.468513176994747
520,0.9020283818244934,1508.7245188951492,0.0,3467.634765625,7868.0,13.492460209992714
521,1.9349987506866455,1192.0195316374302,0.0,3467.634765625,7868.0,13.516224305989454
522,0.7005319595336914,1431.5073848217726,0.0,3467.634765625,7868.0,13.54004435800016
523,0.7888285517692566,1004.8019056618214,0.0,3467.634765625,7868.0,13.5638554640027
524,0.7544059753417969,1317.2319163680077,0.0,3467.634765625,7868.0,13.587665100989398
525,0.7083017826080322,995.764700755477,0.0,3467.634765625,7868.0,13.61135105098947
526,0.8364218473434448,1263.3848128914833,0.0,3467.634765625,7868.0,13.635058782994747
527,0.715246319770813,1147.071760326624,0.0,3467.634765625,7868.0,13.659116978000384
528,1.1365439891815186,1512.2178648412228,0.0,3467.634765625,7868.0,13.68389867899532
529,0.7175514101982117,1098.1965740323067,0.0,3467.634765625,7868.0,13.70780147399637
530,1.1438918113708496,853.5031652152538,0.0,3467.634765625,7868.0,13.732557341994834
531,0.7712221741676331,1121.0499039143324,0.0,3467.634765625,7868.0,13.75637702998938
532,0.8980420231819153,1980.719044059515,0.0,3467.634765625,7868.0,13.780115225992631
533,0.6325082182884216,998.9274913966656,0.0,3467.634765625,7868.0,13.803856692989939
534,0.714931309223175,1158.440643683076,0.0,3467.634765625,7868.0,13.827731739991577
535,1.0483369827270508,1399.8576832562685,0.0,3467.634765625,7868.0,13.851527319988236
536,0.7635836005210876,1252.5242747366428,0.0,3467.634765625,7868.0,13.87558512898977
537,1.292839765548706,916.2828823029995,0.0,3467.634765625,7868.0,13.899306263992912
538,0.7078421711921692,993.086488597095,0.0,3467.634765625,7868.0,13.923078377993079
539,0.7265748381614685,1074.5355269014835,0.0,3467.634765625,7868.0,13.946804068997153
540,1.3229501247406006,4031.6471723914146,0.0,3467.634765625,7868.0,13.971882256999379
541,1.1919761896133423,1596.0067119896412,0.0,3467.634765625,7868.0,13.99594850098947
542,0.6879447102546692,1143.4184281527996,0.0,3467.634765625,7868.0,14.019852251993143
543,0.7511669397354126,935.124856621027,0.0,3467.634765625,7868.0,14.043716878994019
544,1.1090675592422485,999.6244912296534,0.0,3467.634765625,7868.0,14.067451497001457
545,1.0774712562561035,1145.1590266823769,0.0,3467.634765625,7868.0,14.091596772996127
546,1.2104872465133667,1175.7799383103848,0.0,3467.634765625,7868.0,14.115322528989054
547,0.9556650519371033,1125.0281229913235,0.0,3467.634765625,7868.0,14.140188260993455
548,0.6028770804405212,2282.1679407954216,0.0,3467.634765625,7868.0,14.164041637995979
549,1.6758551597595215,946.3280426561832,0.0,3467.634765625,7868.0,14.187705053001991
550,0.6933158040046692,1520.0709004700184,0.0,3467.634765625,7868.0,14.211421423999127
551,0.8355949521064758,1209.128047183156,0.0,3467.634765625,7868.0,14.23539014099515
552,1.1845883131027222,1059.297025412321,0.0,3467.634765625,7868.0,14.259191293996992
553,1.5095889568328857,1094.1345684230328,0.0,3467.634765625,7868.0,14.283037251996575
554,1.1996233463287354,937.1352462768555,0.0,3467.634765625,7868.0,14.308266587002436
555,0.6946819424629211,734.6996108442545,0.0,3467.634765625,7868.0,14.332371026990586
556,0.6157795190811157,995.0051747858524,0.0,3467.634765625,7868.0,14.356212878992665
557,0.6254931092262268,800.6664165854454,0.0,3467.634765625,7868.0,14.380024038997362
558,0.7950042486190796,1025.8430642783642,0.0,3467.634765625,7868.0,14.40395666299446
559,0.7971242070198059,1498.0956204235554,0.0,3467.634765625,7868.0,14.427847795988782
560,1.6042358875274658,999.9500489681959,0.0,3467.634765625,7868.0,14.452809864989831
561,0.7771391272544861,998.2797160595655,0.0,3467.634765625,7868.0,14.476771696994547
562,0.6946638822555542,1045.8568180203438,0.0,3467.634765625,7868.0,14.500996896997094
563,1.024429202079773,991.982711404562,0.0,3467.634765625,7868.0,14.525122398001258
564,0.6123574376106262,982.6104395836592,0.0,3467.634765625,7868.0,14.548897884989856
565,0.6817944049835205,961.0563726425171,0.0,3467.634765625,7868.0,14.572768240992445
566,0.7254628539085388,975.0564796328545,0.0,3467.634765625,7868.0,14.596560878999298
567,1.1105552911758423,1302.0271487534046,0.0,3467.634765625,7868.0,14.620464330000686
568,0.6887993216514587,1350.698517203331,0.0,3467.634765625,7868.0,14.644358659992577
569,0.7655516266822815,1303.4532760977745,0.0,3467.634765625,7868.0,14.668190215001232
570,0.7315009832382202,1011.447265535593,0.0,3467.634765625,7868.0,14.69213880499592
571,0.739477813243866,1660.4792877733707,0.0,3467.634765625,7868.0,14.716093725990504
572,0.6801897287368774,1109.286857008934,0.0,3467.634765625,7868.0,14.7402841860021
573,0.6548756957054138,980.1847567111254,0.0,3467.634765625,7868.0,14.764038618988707
574,0.7518352270126343,873.9948931336403,0.0,3467.634765625,7868.0,14.787960732995998
575,0.7163181900978088,853.6138501018286,0.0,3467.634765625,7868.0,14.811696242002654
576,0.6927799582481384,1028.529143422842,0.0,3467.634765625,7868.0,14.835674813002697
577,1.2879893779754639,1771.5009465515614,0.0,3467.634765625,7868.0,14.860816127998987
578,1.230533242225647,927.7336149811745,0.0,3467.634765625,7868.0,14.886000222992152
579,0.6673163175582886,1092.476465664804,0.0,3467.634765625,7868.0,14.909937252989039
580,0.9906748533248901,944.1750211715698,0.0,3467.634765625,7868.0,14.933746509996126
581,0.6429513692855835,1055.6518572717905,0.0,3467.634765625,7868.0,14.958012697999948
582,0.9314059019088745,1507.613378584385,0.0,3467.634765625,7868.0,14.981863605993567
583,0.6877661347389221,796.4103919118643,0.0,3467.634765625,7868.0,15.005916697991779
584,0.657681941986084,953.5961613431573,0.0,3467.634765625,7868.0,15.029815841000527
585,1.0161964893341064,912.8552600890398,0.0,3467.634765625,7868.0,15.053630812995834
586,0.5961399674415588,1233.4531220197678,0.0,3467.634765625,7868.0,15.077448719996028
587,0.6471390724182129,1095.424818456173,0.0,3467.634765625,7868.0,15.101235504000215
588,0.6781630516052246,1234.3104315251112,0.0,3467.634765625,7868.0,15.124985263988492
589,0.7130257487297058,1004.8442833721638,0.0,3467.634765625,7868.0,15.148803382995538
590,0.7188092470169067,906.9860278367996,0.0,3467.634765625,7868.0,15.172966015001293
591,0.8703086376190186,1090.5001117885113,0.0,3467.634765625,7868.0,15.196751392999431
592,0.6734209656715393,933.0556149333715,0.0,3467.634765625,7868.0,15.220508706988767
593,1.1936672925949097,1485.7668743133545,0.0,3467.634765625,7868.0,15.244733920000726
594,1.482064127922058,724.6201733574271,0.0,3467.634765625,7868.0,15.268918948000646
595,1.0321757793426514,1106.777754664421,0.0,3467.634765625,7868.0,15.293881010002224
596,0.6239421367645264,1147.6928782612085,0.0,3467.634765625,7868.0,15.31777637200139
597,0.6711152791976929,1311.9922861158848,0.0,3467.634765625,7868.0,15.341692702000728
598,0.5720919370651245,1634.4660985767841,0.0,3467.634765625,7868.0,15.365514133998659
599,0.8368315696716309,1040.8167302161455,0.0,3467.634765625,7868.0,15.389645220988314
600,2.0460214614868164,1101.132018059492,0.0,3467.634765625,7868.0,15.414668896002695
601,0.6975671648979187,1114.6080603152514,0.0,3467.634765625,7868.0,15.43879152998852
602,0.7109266519546509,1159.8239880651236,0.0,3467.634765625,7868.0,15.462605003995122
603,0.7380357980728149,1227.3910557925701,0.0,3467.634765625,7868.0,15.486446285998682
604,0.6817160248756409,988.8783800154924,0.0,3467.634765625,7868.0,15.510624161994201
605,0.6218998432159424,957.8713107183576,0.0,3467.634765625,7868.0,15.534456309993402
606,0.9439415335655212,1108.3527220785618,0.0,3467.634765625,7868.0,15.558228345995303
607,0.6314768195152283,1274.3002023994923,0.0,3467.634765625,7868.0,15.58206274099939
608,0.9809412360191345,1190.6230925023556,0.0,3467.634765625,7868.0,15.606212678001611
609,1.1356525421142578,1370.6370019614697,0.0,3467.634765625,7868.0,15.630078976988443
610,1.6009507179260254,1197.1444265246391,0.0,3467.634765625,7868.0,15.654059790002066
611,0.5739939212799072,824.3628429323435,0.0,3467.634765625,7868.0,15.67799849799485
612,0.6956238150596619,1026.9878974705935,0.0,3467.634765625,7868.0,15.702014016002067
613,0.7973249554634094,665.632419988513,0.0,3467.634765625,7868.0,15.725633636990096
614,0.6081292033195496,1060.380851060152,0.0,3467.634765625,7868.0,15.749439790990436
615,1.2942779064178467,1642.356137752533,0.0,3467.634765625,7868.0,15.773218460002681
616,0.7098586559295654,1337.4819749593735,0.0,3467.634765625,7868.0,15.797076969000045
617,1.0354559421539307,1772.9023842811584,0.0,3467.634765625,7868.0,15.821269496998866
618,0.7497547268867493,881.1148474365473,0.0,3467.634765625,7868.0,15.844975430998602
619,0.6186403036117554,784.7100441977382,0.0,3467.634765625,7868.0,15.868714682990685
620,0.6778459548950195,1081.5629010796547,0.0,3467.634765625,7868.0,15.89248080899415
621,0.7483339905738831,2180.3889780044556,0.0,3467.634765625,7868.0,15.916181116990629
622,0.6248606443405151,960.3720362484455,0.0,3467.634765625,7868.0,15.939945427991915
623,0.9093620777130127,1461.7495286464691,0.0,3467.634765625,7868.0,15.963831979999668
624,0.7051215767860413,965.2980330735445,0.0,3467.634765625,7868.0,15.987649984992458
625,1.2605229616165161,964.1103897690773,0.0,3467.634765625,7868.0,16.011530613992363
626,0.6697708368301392,832.8665132671595,0.0,3467.634765625,7868.0,16.035657660992
627,0.572618842124939,826.6429969370365,0.0,3467.634765625,7868.0,16.059451180990436
628,1.1989232301712036,1483.542413264513,0.0,3467.634765625,7868.0,16.084777805997874
629,0.6791720390319824,977.4361933618784,0.0,3467.634765625,7868.0,16.108720657997765
630,1.1135059595108032,1119.5134064555168,0.0,3467.634765625,7868.0,16.132562314000097
631,1.2952768802642822,834.7350044846535,0.0,3467.634765625,7868.0,16.157357167990995
632,1.0461121797561646,1644.6758424043655,0.0,3467.634765625,7868.0,16.182169239997165
633,0.6941995024681091,2369.6145560741425,0.0,3467.634765625,7868.0,16.20603216299787
634,0.6133767366409302,1054.5187297612429,0.0,3467.634765625,7868.0,16.229913440998644
635,0.6411044597625732,1362.667073249817,0.0,3467.634765625,7868.0,16.253922154995962
636,0.7807610034942627,1103.270945340395,0.0,3467.634765625,7868.0,16.277549057995202
637,0.6942874789237976,1121.8508768230677,0.0,3467.634765625,7868.0,16.301344249994145
638,0.7129239439964294,1093.3968386501074,0.0,3467.634765625,7868.0,16.32514811499277
639,0.5551024675369263,1301.0674844682217,0.0,3467.634765625,7868.0,16.34898975500255
640,0.5812800526618958,698.8155681863427,0.0,3467.634765625,7868.0,16.37282490899088
641,0.554256021976471,634.2756742984056,0.0,3467.634765625,7868.0,16.396623063992593
642,1.407704472541809,1119.578188329935,0.0,3467.634765625,7868.0,16.420438194996677
643,0.7655178904533386,747.3662687987089,0.0,3467.634765625,7868.0,16.443879183992976
644,1.0177463293075562,1365.8638917803764,0.0,3467.634765625,7868.0,16.468114231000072
645,1.0620771646499634,1702.7477739453316,0.0,3467.634765625,7868.0,16.491964005996124
646,0.7835726737976074,1076.367951899767,0.0,3467.634765625,7868.0,16.515579200990032
647,0.6159684062004089,1487.1900502741337,0.0,3467.634765625,7868.0,16.53967499198916
648,1.6908162832260132,2284.9273230433464,0.0,3467.634765625,7868.0,16.56348206999246
649,0.8638434410095215,1030.9748683571815,0.0,3467.634765625,7868.0,16.587392422996345
650,0.6891385912895203,1324.0033272206783,0.0,3467.634765625,7868.0,16.611248640998383
651,0.6467926502227783,803.7275156080723,0.0,3467.634765625,7868.0,16.635244845994748
652,0.5331920385360718,852.5167948305607,0.0,3467.634765625,7868.0,16.659083851001924
653,0.683641254901886,1162.6963876485825,0.0,3467.634765625,7868.0,16.68321726100112
654,0.6594861745834351,1132.4904025495052,0.0,3467.634765625,7868.0,16.707065000999137
655,0.682835042476654,1325.1877610087395,0.0,3467.634765625,7868.0,16.730989678995684
656,0.5253125429153442,1424.6169033199549,0.0,3467.634765625,7868.0,16.754793191998033
657,0.7905542850494385,1688.5632316172123,0.0,3467.634765625,7868.0,16.77868363900052
658,0.6752464771270752,1049.6697270572186,0.0,3467.634765625,7868.0,16.802419625993934
659,1.4717979431152344,1713.7071660161018,0.0,3467.634765625,7868.0,16.82624156899692
660,0.7430772185325623,1446.8965828716755,0.0,3467.634765625,7868.0,16.850030218993197
661,0.5971171259880066,1105.5224123448133,0.0,3467.634765625,7868.0,16.873752474988578
662,0.6366521120071411,723.432804480195,0.0,3467.634765625,7868.0,16.898011272991425
663,0.5909709334373474,1055.4861970543861,0.0,3467.634765625,7868.0,16.921841825998854
664,0.6917295455932617,1092.7822943031788,0.0,3467.634765625,7868.0,16.945803440001328
665,0.7973220348358154,737.889885187149,0.0,3467.634765625,7868.0,16.969463425994036
666,0.7376832365989685,1660.3226871788502,0.0,3467.634765625,7868.0,16.993371766002383
667,0.6402062177658081,869.7072480469942,0.0,3467.634765625,7868.0,17.01723979099188
668,1.0052688121795654,938.5762431174517,0.0,3467.634765625,7868.0,17.04206370099564
669,0.691916286945343,879.9244562387466,0.0,3467.634765625,7868.0,17.06591033899167
670,1.1897697448730469,1336.8915740400553,0.0,3467.634765625,7868.0,17.09087406299659
671,1.0162409543991089,1123.271646142006,0.0,3467.634765625,7868.0,17.115151045989478
672,0.9710594415664673,998.101383343339,0.0,3467.634765625,7868.0,17.138987113998155
673,0.7182607650756836,1370.5567084550858,0.0,3467.634765625,7868.0,17.162733020988526
674,0.6929612755775452,975.9385023862123,0.0,3467.634765625,7868.0,17.186489084997447
675,0.6246451735496521,951.5567889809608,0.0,3467.634765625,7868.0,17.21036450700194
676,0.7771030068397522,947.7408110201359,0.0,3467.634765625,7868.0,17.234247408996453
677,1.3448158502578735,1095.9175216555595,0.0,3467.634765625,7868.0,17.25990907198866
678,0.6470252275466919,1532.765237390995,0.0,3467.634765625,7868.0,17.284188700999948
679,0.7038154006004333,956.7713044732809,0.0,3467.634765625,7868.0,17.30814987399208
680,1.1719114780426025,917.910203486681,0.0,3467.634765625,7868.0,17.332285076001426
681,0.9345118999481201,1047.5212491899729,0.0,3467.634765625,7868.0,17.356183607000276
682,0.8653008937835693,1133.8547092825174,0.0,3467.634765625,7868.0,17.379957557990565
683,0.751715898513794,1078.8134213089943,0.0,3467.634765625,7868.0,17.403786326991394
684,1.156888723373413,1242.0682556182146,0.0,3467.634765625,7868.0,17.427546468999935
685,0.6668199896812439,927.4147191941738,0.0,3467.634765625,7868.0,17.451454271998955
686,0.8856684565544128,1050.1700514554977,0.0,3467.634765625,7868.0,17.475280204991577
687,0.5782191753387451,1254.5384000092745,0.0,3467.634765625,7868.0,17.499293307992048
688,0.7271484136581421,1257.217515975237,0.0,3467.634765625,7868.0,17.52285095899424
689,0.6419722437858582,1024.181962609291,0.0,3467.634765625,7868.0,17.54709178399935
690,0.7222771048545837,1268.4400212019682,0.0,3467.634765625,7868.0,17.57104688399704
691,0.7207097411155701,1336.6529204249382,0.0,3467.634765625,7868.0,17.59489836699504
692,0.6616188883781433,806.3250632584095,0.0,3467.634765625,7868.0,17.618848393991357
693,0.4753149747848511,969.9581950604916,0.0,3467.634765625,7868.0,17.642749088001437
694,0.5894796252250671,1038.6538605690002,0.0,3467.634765625,7868.0,17.666533033989253
695,0.9431292414665222,1150.531162187457,0.0,3467.634765625,7868.0,17.69152091999422
696,0.6159458756446838,1091.1409510970116,0.0,3467.634765625,7868.0,17.71529710300092
697,0.566340982913971,877.7160264402628,0.0,3467.634765625,7868.0,17.739182484991034
698,0.7414737343788147,810.2580811977386,0.0,3467.634765625,7868.0,17.76325226300105
699,0.5607089400291443,685.5198418572545,0.0,3467.634765625,7868.0,17.78722404099244
700,1.4883815050125122,1092.2853448092937,0.0,3467.634765625,7868.0,17.811059751998982
701,0.9495550394058228,998.295058503747,0.0,3467.634765625,7868.0,17.835056849988177
702,1.2319817543029785,986.5426014959812,0.0,3467.634765625,7868.0,17.85888809298922
703,0.6246654391288757,980.4082275778055,0.0,3467.634765625,7868.0,17.882788239992806
704,0.8236209750175476,971.5494797676802,0.0,3467.634765625,7868.0,17.907830904994626
705,1.0280910730361938,777.729020550847,0.0,3467.634765625,7868.0,17.931640679002157
706,1.202773928642273,874.4174032360315,0.0,3467.634765625,7868.0,17.95549815898994
707,0.7015316486358643,992.3886148184538,0.0,3467.634765625,7868.0,17.97970407998946
708,0.906057596206665,1258.1514715850353,0.0,3467.634765625,7868.0,18.004807058998267
709,0.6521109938621521,800.4251822680235,0.0,3467.634765625,7868.0,18.02871819199936
710,1.1064085960388184,1165.2399400621653,0.0,3467.634765625,7868.0,18.05258860399772
711,1.1373082399368286,843.8098234385252,0.0,3467.634765625,7868.0,18.076322824999806
712,0.8765140175819397,967.1027828007936,0.0,3467.634765625,7868.0,18.10011749599653
713,0.6464685201644897,1355.6378115415573,0.0,3467.634765625,7868.0,18.123934674993507
714,0.8859065771102905,1016.4162451177835,0.0,3467.634765625,7868.0,18.147688059994834
715,0.5787152647972107,972.1894565820694,0.0,3467.634765625,7868.0,18.17152042798989
716,0.7037732601165771,1252.8115428686142,0.0,3467.634765625,7868.0,18.19577102699259
717,0.9883390665054321,810.7407410144806,0.0,3467.634765625,7868.0,18.21962355999858
718,0.6934657096862793,658.8239170610905,0.0,3467.634765625,7868.0,18.243361162996734
719,0.5292666554450989,764.2106632441282,0.0,3467.634765625,7868.0,18.26719754599617
720,0.7499501705169678,1165.0721091926098,0.0,3467.634765625,7868.0,18.291048843995668
721,0.6415804624557495,1209.3483223617077,0.0,3467.634765625,7868.0,18.314904408995062
722,0.537616491317749,951.4902641326189,0.0,3467.634765625,7868.0,18.338775366995833
723,0.6927754282951355,735.1961707025766,0.0,3467.634765625,7868.0,18.362541224996676
724,1.0157718658447266,839.8124956935644,0.0,3467.634765625,7868.0,18.38743747699482
725,0.6659119129180908,1608.3979933559895,0.0,3467.634765625,7868.0,18.411729876999743
726,1.415267825126648,1205.5822945535183,0.0,3467.634765625,7868.0,18.435588389998884
727,0.5785583257675171,1134.2870054244995,0.0,3467.634765625,7868.0,18.45934515898989
728,0.5886738896369934,2128.6566294133663,0.0,3467.634765625,7868.0,18.48318529399694
729,0.6340857744216919,985.3350055217743,0.0,3467.634765625,7868.0,18.50717279399396
730,0.6975120902061462,935.1035521030426,0.0,3467.634765625,7868.0,18.531062057998497
731,1.1436047554016113,987.2746851146221,0.0,3467.634765625,7868.0,18.555889424998895
732,0.6356245279312134,910.9454374164343,0.0,3467.634765625,7868.0,18.579747584997676
733,0.6996433138847351,617.3687658756971,0.0,3467.634765625,7868.0,18.60358346599969
734,0.5933482646942139,704.6726177185774,0.0,3467.634765625,7868.0,18.627695004994166
735,1.1270506381988525,1190.4650729000568,0.0,3467.634765625,7868.0,18.651503136992687
736,0.848404586315155,836.5554851442575,0.0,3467.634765625,7868.0,18.67526834999444
737,0.5235481858253479,819.9354611188173,0.0,3467.634765625,7868.0,18.699039202998392
738,1.5103038549423218,1829.3519606888294,0.0,3467.634765625,7868.0,18.723971444997005
739,1.0202134847640991,961.5275761038065,0.0,3467.634765625,7868.0,18.747745242988458
740,1.2948919534683228,849.7411430031061,0.0,3467.634765625,7868.0,18.771479543996975
741,1.5035730600357056,918.690307945013,0.0,3467.634765625,7868.0,18.795305070991162
742,0.8657621741294861,760.3033129125834,0.0,3467.634765625,7868.0,18.819030009995913
743,0.8957837224006653,1193.048797994852,0.0,3467.634765625,7868.0,18.843140742988908
744,0.6223682761192322,957.656234100461,0.0,3467.634765625,7868.0,18.86693023800035
745,0.6129122376441956,799.4392296522856,0.0,3467.634765625,7868.0,18.890702110002167
746,0.7364093661308289,760.781891271472,0.0,3467.634765625,7868.0,18.915732323992415
747,1.1428254842758179,955.8578592687845,0.0,3467.634765625,7868.0,18.940881292000995
748,1.0777499675750732,1724.7767180800438,0.0,3467.634765625,7868.0,18.96475037599157
749,0.8335176110267639,1181.098397821188,0.0,3467.634765625,7868.0,18.988627913990058
750,0.8730437159538269,1070.24169164896,0.0,3467.634765625,7868.0,19.012704622000456
751,1.5160622596740723,1171.1413053274155,0.0,3467.634765625,7868.0,19.036898915990605
752,1.068213939666748,798.3012642860413,0.0,3467.634765625,7868.0,19.062189661999582
753,0.8055582046508789,817.4792127162218,0.0,3467.634765625,7868.0,19.086266150989104
754,0.6725684404373169,1238.9421326518059,0.0,3467.634765625,7868.0,19.11015122299432
755,0.9254138469696045,1002.2693982720375,0.0,3467.634765625,7868.0,19.133956338991993
756,0.9033316969871521,1030.789932206273,0.0,3467.634765625,7868.0,19.15769955200085
757,0.9642567038536072,806.1493937075138,0.0,3467.634765625,7868.0,19.181404388000374
758,1.2677803039550781,1168.6935591697693,0.0,3467.634765625,7868.0,19.205196227994747
759,1.2734347581863403,855.9992924034595,0.0,3467.634765625,7868.0,19.230055257998174
760,0.8158820867538452,810.3386387228966,0.0,3467.634765625,7868.0,19.25445481199131
761,0.6127852201461792,1056.9537962526083,0.0,3467.634765625,7868.0,19.27893675499945
762,0.6751993298530579,1019.7011386156082,0.0,3467.634765625,7868.0,19.3027693569893
763,1.004980206489563,989.0703139603138,0.0,3467.634765625,7868.0,19.326565695999307
764,1.0847978591918945,1042.5409513562918,0.0,3467.634765625,7868.0,19.350355485992623
765,0.6353052258491516,667.450433768332,0.0,3467.634765625,7868.0,19.374075535000884
766,0.9704220294952393,1034.0063258856535,0.0,3467.634765625,7868.0,19.399016379989916
767,0.9162182807922363,1015.6757297515869,0.0,3467.634765625,7868.0,19.422806771995965
768,0.6621559262275696,894.4158587157726,0.0,3467.634765625,7868.0,19.446560568001587
769,0.9076172709465027,934.3353163301945,0.0,3467.634765625,7868.0,19.47042903098918
770,0.5179718136787415,796.4512986987829,0.0,3467.634765625,7868.0,19.4946226359898
771,0.6673650741577148,1176.685668617487,0.0,3467.634765625,7868.0,19.51855922899267
772,0.6178280711174011,1162.722304418683,0.0,3467.634765625,7868.0,19.542407603992615
773,1.0286657810211182,736.6121119558811,0.0,3467.634765625,7868.0,19.567216670999187
774,0.5269511342048645,765.3972448408604,0.0,3467.634765625,7868.0,19.591085719992407
775,1.010995626449585,971.8985835909843,0.0,3467.634765625,7868.0,19.615008426990244
776,0.9308893084526062,1057.388814419508,0.0,3467.634765625,7868.0,19.638903302999097
777,0.8777185678482056,713.2049740254879,0.0,3467.634765625,7868.0,19.662655362000805
778,1.0837708711624146,1420.7355202436447,0.0,3467.634765625,7868.0,19.6864783649944
779,0.6875442862510681,945.7909550815821,0.0,3467.634765625,7868.0,19.710570657000062
780,0.9315578937530518,927.87351731956,0.0,3467.634765625,7868.0,19.734352524988935
781,0.8019753694534302,798.7652332782745,0.0,3467.634765625,7868.0,19.759297344993684
782,0.6111385822296143,1075.5802410393953,0.0,3467.634765625,7868.0,19.78325846500229
783,0.5563016533851624,896.8734896332026,0.0,3467.634765625,7868.0,19.80701126799977
784,0.8598732352256775,738.6284569948912,0.0,3467.634765625,7868.0,19.83080373799021
785,0.5878403186798096,908.2454209327698,0.0,3467.634765625,7868.0,19.854584558997885
786,0.9803875088691711,867.7526834458113,0.0,3467.634765625,7868.0,19.878465792993666
787,0.6622934341430664,1686.6930948793888,0.0,3467.634765625,7868.0,19.9023114409938
788,0.9957822561264038,690.3379373699427,0.0,3467.634765625,7868.0,19.92754293899634
789,0.6368582248687744,1126.600169673562,0.0,3467.634765625,7868.0,19.951421912992373
790,0.47243446111679077,1098.7879146784544,0.0,3467.634765625,7868.0,19.97523089699098
791,1.0133129358291626,1907.1865740418434,0.0,3467.634765625,7868.0,19.99911915899429
792,1.654356598854065,895.7151914089918,0.0,3467.634765625,7868.0,20.024021331992117
793,1.0073994398117065,1120.2723295092583,0.0,3467.634765625,7868.0,20.048829423001735
794,0.7834186553955078,1152.4883217811584,0.0,3467.634765625,7868.0,20.072709158994257
795,0.5902261734008789,1082.6221266537905,0.0,3467.634765625,7868.0,20.09656462899875
796,0.6949309706687927,1357.4286273121834,0.0,3467.634765625,7868.0,20.120326075993944
797,0.8158053159713745,1013.045101672411,0.0,3467.634765625,7868.0,20.144373390998226
798,0.5971738696098328,982.3705872297287,0.0,3467.634765625,7868.0,20.16815763199702
799,0.6044186353683472,863.1021971702576,0.0,3467.634765625,7868.0,20.1920460669935
800,0.9282035231590271,1682.8769544810057,0.0,3467.634765625,7868.0,20.215928395002265
